date,trips,weekend,month,station_4000,station_4001,station_4002,station_7082,station_7083,station_7084
2014-04-15,1577,0,4,0,0,0,0,0,0
2014-04-16,3180,0,4,0,0,0,0,0,0
2014-04-17,5849,0,4,0,0,0,0,0,0
2014-04-18,5321,0,4,0,0,0,0,0,0
2014-04-19,6019,1,4,0,0,0,0,0,0
2014-04-20,6042,1,4,0,0,0,0,0,0
2014-04-21,6830,0,4,0,0,0,0,0,0
2014-04-22,4729,0,4,0,0,0,0,0,0
2014-04-23,8620,0,4,0,0,0,0,0,0
2014-04-24,10570,0,4,0,0,0,0,0,0
2014-04-25,11843,0,4,0,0,0,0,0,0
2014-04-26,2905,1,4,0,0,0,0,0,0
2014-04-27,5896,1,4,0,0,0,0,0,0
2014-04-28,10664,0,4,0,0,0,0,0,0
2014-04-29,12228,0,4,0,0,0,0,0,0
2014-04-30,5904,0,4,0,0,0,0,0,0
2014-05-01,8978,0,5,0,0,0,0,0,0
2014-05-02,12346,0,5,0,0,0,0,0,0
2014-05-03,9216,1,5,0,0,0,0,0,0
2014-05-04,3805,1,5,0,0,0,0,0,0
2014-05-05,12202,0,5,0,0,0,0,0,0
2014-05-06,14940,0,5,0,0,0,0,0,0
2014-05-07,16471,0,5,0,0,0,0,0,0
2014-05-08,17136,0,5,0,0,0,0,0,0
2014-05-09,14615,0,5,0,0,0,0,0,0
2014-05-10,14076,1,5,0,0,0,0,0,0
2014-05-11,13225,1,5,0,0,0,0,0,0
2014-05-12,17433,0,5,0,0,0,0,0,0
2014-05-13,15742,0,5,0,0,0,0,0,0
2014-05-14,17589,0,5,0,0,0,0,0,0
2014-05-15,19038,0,5,0,0,0,0,0,0
2014-05-16,8640,0,5,0,0,0,0,0,0
2014-05-17,11358,1,5,0,0,0,0,0,0
2014-05-18,13990,1,5,0,0,0,0,0,0
2014-05-19,14168,0,5,0,0,0,0,0,0
2014-05-20,19509,0,5,0,0,0,0,0,0
2014-05-21,20167,0,5,0,0,0,0,0,0
2014-05-22,14017,0,5,0,0,0,0,0,0
2014-05-23,17556,0,5,0,0,0,0,0,0
2014-05-24,17266,1,5,0,0,0,0,0,0
2014-05-25,16914,1,5,0,0,0,0,0,0
2014-05-26,13852,0,5,0,0,0,0,0,0
2014-05-27,9232,0,5,0,0,0,0,0,0
2014-05-28,14324,0,5,0,0,0,0,0,0
2014-05-29,20469,0,5,0,0,0,0,0,0
2014-05-30,18615,0,5,0,0,0,0,0,0
2014-05-31,17950,1,5,0,0,0,0,0,0
2014-06-01,17405,1,6,0,0,0,0,0,0
2014-06-02,20286,0,6,0,0,0,0,0,0
2014-06-03,13174,0,6,0,0,0,0,0,0
2014-06-04,19836,0,6,0,0,0,0,0,0
2014-06-05,17133,0,6,0,0,0,0,0,0
2014-06-06,19563,0,6,0,0,0,0,0,0
2014-06-07,19508,1,6,0,0,0,0,0,0
2014-06-08,16924,1,6,0,0,0,0,0,0
2014-06-09,19905,0,6,0,0,0,0,0,0
2014-06-10,19317,0,6,0,0,0,0,0,0
2014-06-11,16539,0,6,0,0,0,0,0,0
2014-06-12,6822,0,6,0,0,0,0,0,0
2014-06-13,8323,0,6,0,0,0,0,0,0
2014-06-14,13746,1,6,0,0,0,0,0,0
2014-06-15,16194,1,6,0,0,0,0,0,0
2014-06-16,20073,0,6,0,0,0,0,0,0
2014-06-17,19872,0,6,0,0,0,0,0,0
2014-06-18,20796,0,6,0,0,0,0,0,0
2014-06-19,23585,0,6,0,0,0,0,0,0
2014-06-20,21186,0,6,0,0,0,0,0,0
2014-06-21,16125,1,6,0,0,0,0,0,0
2014-06-22,16385,1,6,0,0,0,0,0,0
2014-06-23,19323,0,6,0,0,0,0,0,0
2014-06-24,6011,0,6,0,0,0,0,0,0
2014-06-25,18192,0,6,0,0,0,0,0,0
2014-06-26,22750,0,6,0,0,0,0,0,0
2014-06-27,22228,0,6,0,0,0,0,0,0
2014-06-28,18489,1,6,0,0,0,0,0,0
2014-06-29,17055,1,6,0,0,0,0,0,0
2014-06-30,18568,0,6,0,0,0,0,0,0
2014-07-01,15989,0,7,0,0,0,0,0,0
2014-07-02,21402,0,7,0,0,0,0,0,0
2014-07-03,19761,0,7,0,0,0,0,0,0
2014-07-04,20274,0,7,0,0,0,0,0,0
2014-07-05,18439,1,7,0,0,0,0,0,0
2014-07-06,16395,1,7,0,0,0,0,0,0
2014-07-07,12866,0,7,0,0,0,0,0,0
2014-07-08,18605,0,7,0,0,0,0,0,0
2014-07-09,20483,0,7,0,0,0,0,0,0
2014-07-10,22166,0,7,0,0,0,0,0,0
2014-07-11,22335,0,7,0,0,0,0,0,0
2014-07-12,18036,1,7,0,0,0,0,0,0
2014-07-13,8291,1,7,0,0,0,0,0,0
2014-07-14,20382,0,7,0,0,0,0,0,0
2014-07-15,17018,0,7,0,0,0,0,0,0
2014-07-16,22712,0,7,0,0,0,0,0,0
2014-07-17,21552,0,7,0,0,0,0,0,0
2014-07-18,21643,0,7,0,0,0,0,0,0
2014-07-19,18703,1,7,0,0,0,0,0,0
2014-07-20,16313,1,7,0,0,0,0,0,0
2014-07-21,20518,0,7,0,0,0,0,0,0
2014-07-22,21364,0,7,0,0,0,0,0,0
2014-07-23,16394,0,7,0,0,0,0,0,0
2014-07-24,22736,0,7,0,0,0,0,0,0
2014-07-25,21112,0,7,0,0,0,0,0,0
2014-07-26,17263,1,7,0,0,0,0,0,0
2014-07-27,11659,1,7,0,0,0,0,0,0
2014-07-28,7881,0,7,0,0,0,0,0,0
2014-07-29,20001,0,7,0,0,0,0,0,0
2014-07-30,18931,0,7,0,0,0,0,0,0
2014-07-31,17546,0,7,0,0,0,0,0,0
2014-08-01,21617,0,8,0,0,0,0,0,0
2014-08-02,19233,1,8,0,0,0,0,0,0
2014-08-03,18065,1,8,0,0,0,0,0,0
2014-08-04,19875,0,8,0,0,0,0,0,0
2014-08-05,20012,0,8,0,0,0,0,0,0
2014-08-06,21479,0,8,0,0,0,0,0,0
2014-08-07,20099,0,8,0,0,0,0,0,0
2014-08-08,21570,0,8,0,0,0,0,0,0
2014-08-09,17384,1,8,0,0,0,0,0,0
2014-08-10,15940,1,8,0,0,0,0,0,0
2014-08-11,20637,0,8,0,0,0,0,0,0
2014-08-12,19225,0,8,0,0,0,0,0,0
2014-08-13,4068,0,8,0,0,0,0,0,0
2014-08-14,17335,0,8,0,0,0,0,0,0
2014-08-15,13442,0,8,0,0,0,0,0,0
2014-08-16,7520,1,8,0,0,0,0,0,0
2014-08-17,12651,1,8,0,0,0,0,0,0
2014-08-18,18995,0,8,0,0,0,0,0,0
2014-08-19,21198,0,8,0,0,0,0,0,0
2014-08-20,21284,0,8,0,0,0,0,0,0
2014-08-21,19309,0,8,0,0,0,0,0,0
2014-08-22,19657,0,8,0,0,0,0,0,0
2014-08-23,17124,1,8,0,0,0,0,0,0
2014-08-24,15987,1,8,0,0,0,0,0,0
2014-08-25,20095,0,8,0,0,0,0,0,0
2014-08-26,21356,0,8,0,0,0,0,0,0
2014-08-27,20258,0,8,0,0,0,0,0,0
2014-08-28,19928,0,8,0,0,0,0,0,0
2014-08-29,21305,0,8,0,0,0,0,0,0
2014-08-30,17064,1,8,0,0,0,0,0,0
2014-08-31,12433,1,8,0,0,0,0,0,0
2014-09-01,14055,0,9,0,0,0,0,0,0
2014-09-02,17289,0,9,0,0,0,0,0,0
2014-09-03,21394,0,9,0,0,0,0,0,0
2014-09-04,21684,0,9,0,0,0,0,0,0
2014-09-05,18796,0,9,0,0,0,0,0,0
2014-09-06,9713,1,9,0,0,0,0,0,0
2014-09-07,14384,1,9,0,0,0,0,0,0
2014-09-08,19977,0,9,0,0,0,0,0,0
2014-09-09,20403,0,9,0,0,0,0,0,0
2014-09-10,20581,0,9,0,0,0,0,0,0
2014-09-11,13747,0,9,0,0,0,0,0,0
2014-09-12,16767,0,9,0,0,0,0,0,0
2014-09-13,6041,1,9,0,0,0,0,0,0
2014-09-14,9539,1,9,0,0,0,0,0,0
2014-09-15,16420,0,9,0,0,0,0,0,0
2014-09-16,17245,0,9,0,0,0,0,0,0
2014-09-17,17256,0,9,0,0,0,0,0,0
2014-09-18,16807,0,9,0,0,0,0,0,0
2014-09-19,16969,0,9,0,0,0,0,0,0
2014-09-20,12120,1,9,0,0,0,0,0,0
2014-09-21,8552,1,9,0,0,0,0,0,0
2014-09-22,14908,0,9,0,0,0,0,0,0
2014-09-23,15526,0,9,0,0,0,0,0,0
2014-09-24,17587,0,9,0,0,0,0,0,0
2014-09-25,18803,0,9,0,0,0,0,0,0
2014-09-26,19263,0,9,0,0,0,0,0,0
2014-09-27,15852,1,9,0,0,0,0,0,0
2014-09-28,14394,1,9,0,0,0,0,0,0
2014-09-29,15177,0,9,0,0,0,0,0,0
2014-09-30,15939,0,9,0,0,0,0,0,0
2014-10-01,16108,0,10,0,0,0,0,0,0
2014-10-02,17101,0,10,0,0,0,0,0,0
2014-10-03,17552,0,10,0,0,0,0,0,0
2014-10-04,3925,1,10,0,0,0,0,0,0
2014-10-05,8642,1,10,0,0,0,0,0,0
2014-10-06,13907,0,10,0,0,0,0,0,0
2014-10-07,11467,0,10,0,0,0,0,0,0
2014-10-08,8481,0,10,0,0,0,0,0,0
2014-10-09,12390,0,10,0,0,0,0,0,0
2014-10-10,12673,0,10,0,0,0,0,0,0
2014-10-11,8763,1,10,0,0,0,0,0,0
2014-10-12,8649,1,10,0,0,0,0,0,0
2014-10-13,8152,0,10,0,0,0,0,0,0
2014-10-14,15507,0,10,0,0,0,0,0,0
2014-10-15,13939,0,10,0,0,0,0,0,0
2014-10-16,8630,0,10,0,0,0,0,0,0
2014-10-17,13314,0,10,0,0,0,0,0,0
2014-10-18,7744,1,10,0,0,0,0,0,0
2014-10-19,6837,1,10,0,0,0,0,0,0
2014-10-20,10082,0,10,0,0,0,0,0,0
2014-10-21,7835,0,10,0,0,0,0,0,0
2014-10-22,10939,0,10,0,0,0,0,0,0
2014-10-23,7393,0,10,0,0,0,0,0,0
2014-10-24,10995,0,10,0,0,0,0,0,0
2014-10-25,7108,1,10,0,0,0,0,0,0
2014-10-26,6795,1,10,0,0,0,0,0,0
2014-10-27,11338,0,10,0,0,0,0,0,0
2014-10-28,10468,0,10,0,0,0,0,0,0
2014-10-29,11947,0,10,0,0,0,0,0,0
2014-10-30,11719,0,10,0,0,0,0,0,0
2014-10-31,11232,0,10,0,0,0,0,0,0
2014-11-01,6253,1,11,0,0,0,0,0,0
2014-11-02,5925,1,11,0,0,0,0,0,0
2014-11-03,9021,0,11,0,0,0,0,0,0
2014-11-04,9329,0,11,0,0,0,0,0,0
2014-11-05,9982,0,11,0,0,0,0,0,0
2014-11-06,9413,0,11,0,0,0,0,0,0
2014-11-07,7222,0,11,0,0,0,0,0,0
2014-11-08,5581,1,11,0,0,0,0,0,0
2014-11-09,4924,1,11,0,0,0,0,0,0
2014-11-10,8730,0,11,0,0,0,0,0,0
2014-11-11,9706,0,11,0,0,0,0,0,0
2014-11-12,6512,0,11,0,0,0,0,0,0
2014-11-13,7999,0,11,0,0,0,0,0,0
2014-11-14,6986,0,11,0,0,0,0,0,0
2014-11-15,3753,1,11,0,0,0,0,0,0
2015-04-15,7949,0,4,0,0,0,0,0,0
2015-04-16,9980,0,4,0,0,0,0,0,0
2015-04-17,11275,0,4,0,0,0,0,0,0
2015-04-18,6212,1,4,0,0,0,0,0,0
2015-04-19,8594,1,4,0,0,0,0,0,0
2015-04-20,5322,0,4,0,0,0,0,0,0
2015-04-21,6616,0,4,0,0,0,0,0,0
2015-04-22,7137,0,4,0,0,0,0,0,0
2015-04-23,7165,0,4,0,0,0,0,0,0
2015-04-24,8172,0,4,0,0,0,0,0,0
2015-04-25,8206,1,4,0,0,0,0,0,0
2015-04-26,8356,1,4,0,0,0,0,0,0
2015-04-27,9598,0,4,0,0,0,0,0,0
2015-04-28,14674,0,4,0,0,0,0,0,0
2015-04-29,15261,0,4,0,0,0,0,0,0
2015-04-30,15636,0,4,0,0,0,0,0,0
2015-05-01,17740,0,5,0,0,0,0,0,0
2015-05-02,18012,1,5,0,0,0,0,0,0
2015-05-03,16816,1,5,0,0,0,0,0,0
2015-05-04,15940,0,5,0,0,0,0,0,0
2015-05-05,19612,0,5,0,0,0,0,0,0
2015-05-06,20500,0,5,0,0,0,0,0,0
2015-05-07,21324,0,5,0,0,0,0,0,0
2015-05-08,22868,0,5,0,0,0,0,0,0
2015-05-09,15772,1,5,0,0,0,0,0,0
2015-05-10,11858,1,5,0,0,0,0,0,0
2015-05-11,7935,0,5,0,0,0,0,0,0
2015-05-12,13179,0,5,0,0,0,0,0,0
2015-05-13,19365,0,5,0,0,0,0,0,0
2015-05-14,20932,0,5,0,0,0,0,0,0
2015-05-15,20098,0,5,0,0,0,0,0,0
2015-05-16,14623,1,5,0,0,0,0,0,0
2015-05-17,19711,1,5,0,0,0,0,0,0
2015-05-18,15844,0,5,0,0,0,0,0,0
2015-05-19,18943,0,5,0,0,0,0,0,0
2015-05-20,18261,0,5,0,0,0,0,0,0
2015-05-21,20135,0,5,0,0,0,0,0,0
2015-05-22,16217,0,5,0,0,0,0,0,0
2015-05-23,15716,1,5,0,0,0,0,0,0
2015-05-24,17894,1,5,0,0,0,0,0,0
2015-05-25,9883,0,5,0,0,0,0,0,0
2015-05-26,20973,0,5,0,0,0,0,0,0
2015-05-27,21131,0,5,0,0,0,0,0,0
2015-05-28,17443,0,5,0,0,0,0,0,0
2015-05-29,24916,0,5,0,0,0,0,0,0
2015-05-30,18158,1,5,0,0,0,0,0,0
2015-05-31,13349,1,5,0,0,0,0,0,0
2015-06-01,14393,0,6,0,0,0,0,0,0
2015-06-02,13115,0,6,0,0,0,0,0,0
2015-06-03,21030,0,6,0,0,0,0,0,0
2015-06-04,23308,0,6,0,0,0,0,0,0
2015-06-05,16862,0,6,0,0,0,0,0,0
2015-06-06,20618,1,6,0,0,0,0,0,0
2015-06-07,17351,1,6,0,0,0,0,0,0
2015-06-08,10185,0,6,0,0,0,0,0,0
2015-06-09,12434,0,6,0,0,0,0,0,0
2015-06-10,20111,0,6,0,0,0,0,0,0
2015-06-11,20995,0,6,0,0,0,0,0,0
2015-06-12,12791,0,6,0,0,0,0,0,0
2015-06-13,21363,1,6,0,0,0,0,0,0
2015-06-14,20058,1,6,0,0,0,0,0,0
2015-06-15,18113,0,6,0,0,0,0,0,0
2015-06-16,13052,0,6,0,0,0,0,0,0
2015-06-17,23642,0,6,0,0,0,0,0,0
2015-06-18,21470,0,6,0,0,0,0,0,0
2015-06-19,22780,0,6,0,0,0,0,0,0
2015-06-20,20761,1,6,0,0,0,0,0,0
2015-06-21,13999,1,6,0,0,0,0,0,0
2015-06-22,20940,0,6,0,0,0,0,0,0
2015-06-23,18727,0,6,0,0,0,0,0,0
2015-06-24,17993,0,6,0,0,0,0,0,0
2015-06-25,22298,0,6,0,0,0,0,0,0
2015-06-26,23435,0,6,0,0,0,0,0,0
2015-06-27,21109,1,6,0,0,0,0,0,0
2015-06-28,4742,1,6,0,0,0,0,0,0
2015-06-29,19160,0,6,0,0,0,0,0,0
2015-06-30,19822,0,6,0,0,0,0,0,0
2015-07-01,8270,0,7,0,0,0,0,0,0
2015-07-02,22613,0,7,0,0,0,0,0,0
2015-07-03,24932,0,7,0,0,0,0,0,0
2015-07-04,22540,1,7,0,0,0,0,0,0
2015-07-05,19312,1,7,0,0,0,0,0,0
2015-07-06,21792,0,7,0,0,0,0,0,0
2015-07-07,18702,0,7,0,0,0,0,0,0
2015-07-08,23217,0,7,0,0,0,0,0,0
2015-07-09,23473,0,7,0,0,0,0,0,0
2015-07-10,23629,0,7,0,0,0,0,0,0
2015-07-11,19695,1,7,0,0,0,0,0,0
2015-07-12,17791,1,7,0,0,0,0,0,0
2015-07-13,21009,0,7,0,0,0,0,0,0
2015-07-14,21491,0,7,0,0,0,0,0,0
2015-07-15,23797,0,7,0,0,0,0,0,0
2015-07-16,23511,0,7,0,0,0,0,0,0
2015-07-17,19954,0,7,0,0,0,0,0,0
2015-07-18,15877,1,7,0,0,0,0,0,0
2015-07-19,12870,1,7,0,0,0,0,0,0
2015-07-20,21776,0,7,0,0,0,0,0,0
2015-07-21,13290,0,7,0,0,0,0,0,0
2015-07-22,21256,0,7,0,0,0,0,0,0
2015-07-23,21298,0,7,0,0,0,0,0,0
2015-07-24,19767,0,7,0,0,0,0,0,0
2015-07-25,18853,1,7,0,0,0,0,0,0
2015-07-26,15873,1,7,0,0,0,0,0,0
2015-07-27,18420,0,7,0,0,0,0,0,0
2015-07-28,21062,0,7,0,0,0,0,0,0
2015-07-29,21783,0,7,0,0,0,0,0,0
2015-07-30,20013,0,7,0,0,0,0,0,0
2015-07-31,22314,0,7,0,0,0,0,0,0
2015-08-01,19016,1,8,0,0,0,0,0,0
2015-08-02,18990,1,8,0,0,0,0,0,0
2015-08-03,19616,0,8,0,0,0,0,0,0
2015-08-04,21410,0,8,0,0,0,0,0,0
2015-08-05,20868,0,8,0,0,0,0,0,0
2015-08-06,21229,0,8,0,0,0,0,0,0
2015-08-07,20484,0,8,0,0,0,0,0,0
2015-08-08,18952,1,8,0,0,0,0,0,0
2015-08-09,16804,1,8,0,0,0,0,0,0
2015-08-10,19837,0,8,0,0,0,0,0,0
2015-08-11,10211,0,8,0,0,0,0,0,0
2015-08-12,18263,0,8,0,0,0,0,0,0
2015-08-13,21039,0,8,0,0,0,0,0,0
2015-08-14,15287,0,8,0,0,0,0,0,0
2015-08-15,18468,1,8,0,0,0,0,0,0
2015-08-16,17052,1,8,0,0,0,0,0,0
2015-08-17,20353,0,8,0,0,0,0,0,0
2015-08-18,20398,0,8,0,0,0,0,0,0
2015-08-19,21065,0,8,0,0,0,0,0,0
2015-08-20,21074,0,8,0,0,0,0,0,0
2015-08-21,20678,0,8,0,0,0,0,0,0
2015-08-22,18273,1,8,0,0,0,0,0,0
2015-08-23,17265,1,8,0,0,0,0,0,0
2015-08-24,19511,0,8,0,0,0,0,0,0
2015-08-25,21022,0,8,0,0,0,0,0,0
2015-08-26,21730,0,8,0,0,0,0,0,0
2015-08-27,21234,0,8,0,0,0,0,0,0
2015-08-28,22385,0,8,0,0,0,0,0,0
2015-08-29,16998,1,8,0,0,0,0,0,0
2015-08-30,16906,1,8,0,0,0,0,0,0
2015-08-31,20360,0,8,0,0,0,0,0,0
2015-09-01,21902,0,9,0,0,0,0,0,0
2015-09-02,21263,0,9,0,0,0,0,0,0
2015-09-03,22008,0,9,0,0,0,0,0,0
2015-09-04,21758,0,9,0,0,0,0,0,0
2015-09-05,18368,1,9,0,0,0,0,0,0
2015-09-06,17760,1,9,0,0,0,0,0,0
2015-09-07,13387,0,9,0,0,0,0,0,0
2015-09-08,20225,0,9,0,0,0,0,0,0
2015-09-09,19910,0,9,0,0,0,0,0,0
2015-09-10,21615,0,9,0,0,0,0,0,0
2015-09-11,22273,0,9,0,0,0,0,0,0
2015-09-12,8239,1,9,0,0,0,0,0,0
2015-09-13,5336,1,9,0,0,0,0,0,0
2015-09-14,12873,0,9,0,0,0,0,0,0
2015-09-15,20609,0,9,0,0,0,0,0,0
2015-09-16,21460,0,9,0,0,0,0,0,0
2015-09-17,21515,0,9,0,0,0,0,0,0
2015-09-18,22104,0,9,0,0,0,0,0,0
2015-09-19,14785,1,9,0,0,0,0,0,0
2015-09-20,15146,1,9,0,0,0,0,0,0
2015-09-21,18895,0,9,0,0,0,0,0,0
2015-09-22,21448,0,9,0,0,0,0,0,0
2015-09-23,20771,0,9,0,0,0,0,0,0
2015-09-24,20046,0,9,0,0,0,0,0,0
2015-09-25,17663,0,9,0,0,0,0,0,0
2015-09-26,14166,1,9,0,0,0,0,0,0
2015-09-27,13617,1,9,0,0,0,0,0,0
2015-09-28,12769,0,9,0,0,0,0,0,0
2015-09-29,10883,0,9,0,0,0,0,0,0
2015-09-30,10100,0,9,0,0,0,0,0,0
2015-10-01,15364,0,10,0,0,0,0,0,0
2015-10-02,14326,0,10,0,0,0,0,0,0
2015-10-03,10059,1,10,0,0,0,0,0,0
2015-10-04,9383,1,10,0,0,0,0,0,0
2015-10-05,14454,0,10,0,0,0,0,0,0
2015-10-06,15280,0,10,0,0,0,0,0,0
2015-10-07,15837,0,10,0,0,0,0,0,0
2015-10-08,15477,0,10,0,0,0,0,0,0
2015-10-09,7068,0,10,0,0,0,0,0,0
2015-10-10,8853,1,10,0,0,0,0,0,0
2015-10-11,8532,1,10,0,0,0,0,0,0
2015-10-12,10679,0,10,0,0,0,0,0,0
2015-10-13,10675,0,10,0,0,0,0,0,0
2015-10-14,13284,0,10,0,0,0,0,0,0
2015-10-15,11993,0,10,0,0,0,0,0,0
2015-10-16,12633,0,10,0,0,0,0,0,0
2015-10-17,5702,1,10,0,0,0,0,0,0
2015-10-18,5786,1,10,0,0,0,0,0,0
2015-10-19,9756,0,10,0,0,0,0,0,0
2015-10-20,12934,0,10,0,0,0,0,0,0
2015-10-21,12053,0,10,0,0,0,0,0,0
2015-10-22,11600,0,10,0,0,0,0,0,0
2015-10-23,11547,0,10,0,0,0,0,0,0
2015-10-24,7747,1,10,0,0,0,0,0,0
2015-10-25,5440,1,10,0,0,0,0,0,0
2015-10-26,10646,0,10,0,0,0,0,0,0
2015-10-27,11586,0,10,0,0,0,0,0,0
2015-10-28,6046,0,10,0,0,0,0,0,0
2015-10-29,9516,0,10,0,0,0,0,0,0
2015-10-30,10573,0,10,0,0,0,0,0,0
2015-10-31,7537,1,10,0,0,0,0,0,0
2015-11-01,4002,1,11,0,0,0,0,0,0
2015-11-02,10698,0,11,0,0,0,0,0,0
2015-11-03,11658,0,11,0,0,0,0,0,0
2015-11-04,11670,0,11,0,0,0,0,0,0
2015-11-05,12658,0,11,0,0,0,0,0,0
2015-11-06,10339,0,11,0,0,0,0,0,0
2015-11-07,7774,1,11,0,0,0,0,0,0
2015-11-08,5956,1,11,0,0,0,0,0,0
2015-11-09,9677,0,11,0,0,0,0,0,0
2015-11-10,10347,0,11,0,0,0,0,0,0
2015-11-11,10029,0,11,0,0,0,0,0,0
2015-11-12,6012,0,11,0,0,0,0,0,0
2015-11-13,6737,0,11,0,0,0,0,0,0
2015-11-14,4697,1,11,0,0,0,0,0,0
2015-11-15,4103,1,11,0,0,0,0,0,0
2016-04-15,9475,0,4,0,0,0,0,0,0
2016-04-16,10978,1,4,0,0,0,0,0,0
2016-04-17,13592,1,4,0,0,0,0,0,0
2016-04-18,5872,0,4,0,0,0,0,0,0
2016-04-19,12505,0,4,0,0,0,0,0,0
2016-04-20,13340,0,4,0,0,0,0,0,0
2016-04-21,15832,0,4,0,0,0,0,0,0
2016-04-22,9533,0,4,0,0,0,0,0,0
2016-04-23,13229,1,4,0,0,0,0,0,0
2016-04-24,10502,1,4,0,0,0,0,0,0
2016-04-25,12271,0,4,0,0,0,0,0,0
2016-04-26,12524,0,4,0,0,0,0,0,0
2016-04-27,12043,0,4,0,0,0,0,0,0
2016-04-28,12954,0,4,0,0,0,0,0,0
2016-04-29,14501,0,4,0,0,0,0,0,0
2016-04-30,15132,1,4,0,0,0,0,0,0
2016-05-01,5528,1,5,0,0,0,0,0,0
2016-05-02,10068,0,5,0,0,0,0,0,0
2016-05-03,16942,0,5,0,0,0,0,0,0
2016-05-04,15410,0,5,0,0,0,0,0,0
2016-05-05,19018,0,5,0,0,0,0,0,0
2016-05-06,21328,0,5,0,0,0,0,0,0
2016-05-07,18848,1,5,0,0,0,0,0,0
2016-05-08,6399,1,5,0,0,0,0,0,0
2016-05-09,13893,0,5,0,0,0,0,0,0
2016-05-10,19507,0,5,0,0,0,0,0,0
2016-05-11,20754,0,5,0,0,0,0,0,0
2016-05-12,22902,0,5,0,0,0,0,0,0
2016-05-13,16075,0,5,0,0,0,0,0,0
2016-05-14,14994,1,5,0,0,0,0,0,0
2016-05-15,8187,1,5,0,0,0,0,0,0
2016-05-16,11525,0,5,0,0,0,0,0,0
2016-05-17,16156,0,5,0,0,0,0,0,0
2016-05-18,20211,0,5,0,0,0,0,0,0
2016-05-19,20245,0,5,0,0,0,0,0,0
2016-05-20,23779,0,5,0,0,0,0,0,0
2016-05-21,20769,1,5,0,0,0,0,0,0
2016-05-22,21099,1,5,0,0,0,0,0,0
2016-05-23,19061,0,5,0,0,0,0,0,0
2016-05-24,23433,0,5,0,0,0,0,0,0
2016-05-25,21386,0,5,0,0,0,0,0,0
2016-05-26,24184,0,5,0,0,0,0,0,0
2016-05-27,20759,0,5,0,0,0,0,0,0
2016-05-28,25043,1,5,0,0,0,0,0,0
2016-05-29,28787,1,5,0,0,0,0,0,0
2016-05-30,22700,0,5,0,0,0,0,0,0
2016-05-31,24029,0,5,0,0,0,0,0,0
2016-06-01,25749,0,6,0,0,0,0,0,0
2016-06-02,16805,0,6,0,0,0,0,0,0
2016-06-03,29223,0,6,0,0,0,0,0,0
2016-06-04,26062,1,6,0,0,0,0,0,0
2016-06-05,6593,1,6,0,0,0,0,0,0
2016-06-06,20434,0,6,0,0,0,0,0,0
2016-06-07,22133,0,6,0,0,0,0,0,0
2016-06-08,19220,0,6,0,0,0,0,0,0
2016-06-09,16137,0,6,0,0,0,0,0,0
2016-06-10,24765,0,6,0,0,0,0,0,0
2016-06-11,18835,1,6,0,0,0,0,0,0
2016-06-12,12236,1,6,0,0,0,0,0,0
2016-06-13,20903,0,6,0,0,0,0,0,0
2016-06-14,25237,0,6,0,0,0,0,0,0
2016-06-15,25874,0,6,0,0,0,0,0,0
2016-06-16,27279,0,6,0,0,0,0,0,0
2016-06-17,27143,0,6,0,0,0,0,0,0
2016-06-18,24188,1,6,0,0,0,0,0,0
2016-06-19,20145,1,6,0,0,0,0,0,0
2016-06-20,22911,0,6,0,0,0,0,0,0
2016-06-21,25136,0,6,0,0,0,0,0,0
2016-06-22,18819,0,6,0,0,0,0,0,0
2016-06-23,25771,0,6,0,0,0,0,0,0
2016-06-24,20039,0,6,0,0,0,0,0,0
2016-06-25,20059,1,6,0,0,0,0,0,0
2016-06-26,23313,1,6,0,0,0,0,0,0
2016-06-27,17044,0,6,0,0,0,0,0,0
2016-06-28,16902,0,6,0,0,0,0,0,0
2016-06-29,19709,0,6,0,0,0,0,0,0
2016-06-30,25897,0,6,0,0,0,0,0,0
2016-07-01,17044,0,7,0,0,0,0,0,0
2016-07-02,18838,1,7,0,0,0,0,0,0
2016-07-03,22191,1,7,0,0,0,0,0,0
2016-07-04,25974,0,7,0,0,0,0,0,0
2016-07-05,27261,0,7,0,0,0,0,0,0
2016-07-06,26661,0,7,0,0,0,0,0,0
2016-07-07,25894,0,7,0,0,0,0,0,0
2016-07-08,25081,0,7,0,0,0,0,0,0
2016-07-09,9877,1,7,0,0,0,0,0,0
2016-07-10,13404,1,7,0,0,0,0,0,0
2016-07-11,25168,0,7,0,0,0,0,0,0
2016-07-12,26176,0,7,0,0,0,0,0,0
2016-07-13,24919,0,7,0,0,0,0,0,0
2016-07-14,23015,0,7,0,0,0,0,0,0
2016-07-15,23359,0,7,0,0,0,0,0,0
2016-07-16,22231,1,7,0,0,0,0,0,0
2016-07-17,20615,1,7,0,0,0,0,0,0
2016-07-18,21761,0,7,0,0,0,0,0,0
2016-07-19,25241,0,7,0,0,0,0,0,0
2016-07-20,26293,0,7,0,0,0,0,0,0
2016-07-21,25783,0,7,0,0,0,0,0,0
2016-07-22,23927,0,7,0,0,0,0,0,0
2016-07-23,15930,1,7,0,0,0,0,0,0
2016-07-24,20801,1,7,0,0,0,0,0,0
2016-07-25,16477,0,7,0,0,0,0,0,0
2016-07-26,25606,0,7,0,0,0,0,0,0
2016-07-27,27055,0,7,0,0,0,0,0,0
2016-07-28,26844,0,7,0,0,0,0,0,0
2016-07-29,26145,0,7,0,0,0,0,0,0
2016-07-30,25732,1,7,0,0,0,0,0,0
2016-07-31,29789,1,7,0,0,0,0,0,0
2016-08-01,24635,0,8,0,0,0,0,0,0
2016-08-02,26088,0,8,0,0,0,0,0,0
2016-08-03,25653,0,8,0,0,0,0,0,0
2016-08-04,24666,0,8,0,0,0,0,0,0
2016-08-05,23995,0,8,0,0,0,0,0,0
2016-08-06,21498,1,8,0,0,0,0,0,0
2016-08-07,19438,1,8,0,0,0,0,0,0
2016-08-08,24187,0,8,0,0,0,0,0,0
2016-08-09,26246,0,8,0,0,0,0,0,0
2016-08-10,25406,0,8,0,0,0,0,0,0
2016-08-11,25581,0,8,0,0,0,0,0,0
2016-08-12,17622,0,8,0,0,0,0,0,0
2016-08-13,8596,1,8,0,0,0,0,0,0
2016-08-14,14831,1,8,0,0,0,0,0,0
2016-08-15,24506,0,8,0,0,0,0,0,0
2016-08-16,12385,0,8,0,0,0,0,0,0
2016-08-17,24615,0,8,0,0,0,0,0,0
2016-08-18,25650,0,8,0,0,0,0,0,0
2016-08-19,25846,0,8,0,0,0,0,0,0
2016-08-20,21905,1,8,0,0,0,0,0,0
2016-08-21,9155,1,8,0,0,0,0,0,0
2016-08-22,22092,0,8,0,0,0,0,0,0
2016-08-23,24932,0,8,0,0,0,0,0,0
2016-08-24,25502,0,8,0,0,0,0,0,0
2016-08-25,20411,0,8,0,0,0,0,0,0
2016-08-26,25893,0,8,0,0,0,0,0,0
2016-08-27,22487,1,8,0,0,0,0,0,0
2016-08-28,21525,1,8,0,0,0,0,0,0
2016-08-29,23971,0,8,0,0,0,0,0,0
2016-08-30,24308,0,8,0,0,0,0,0,0
2016-08-31,23563,0,8,0,0,0,0,0,0
2016-09-01,25127,0,9,0,0,0,0,0,0
2016-09-02,24719,0,9,0,0,0,0,0,0
2016-09-03,20258,1,9,0,0,0,0,0,0
2016-09-04,20747,1,9,0,0,0,0,0,0
2016-09-05,18480,0,9,0,0,0,0,0,0
2016-09-06,24272,0,9,0,0,0,0,0,0
2016-09-07,25114,0,9,0,0,0,0,0,0
2016-09-08,16606,0,9,0,0,0,0,0,0
2016-09-09,25745,0,9,0,0,0,0,0,0
2016-09-10,18985,1,9,0,0,0,0,0,0
2016-09-11,15417,1,9,0,0,0,0,0,0
2016-09-12,22980,0,9,0,0,0,0,0,0
2016-09-13,24376,0,9,0,0,0,0,0,0
2016-09-14,21877,0,9,0,0,0,0,0,0
2016-09-15,23203,0,9,0,0,0,0,0,0
2016-09-16,23998,0,9,0,0,0,0,0,0
2016-09-17,14860,1,9,0,0,0,0,0,0
2016-09-18,15831,1,9,0,0,0,0,0,0
2016-09-19,22715,0,9,0,0,0,0,0,0
2016-09-20,23748,0,9,0,0,0,0,0,0
2016-09-21,24260,0,9,0,0,0,0,0,0
2016-09-22,21511,0,9,0,0,0,0,0,0
2016-09-23,19014,0,9,0,0,0,0,0,0
2016-09-24,16897,1,9,0,0,0,0,0,0
2016-09-25,17930,1,9,0,0,0,0,0,0
2016-09-26,19554,0,9,0,0,0,0,0,0
2016-09-27,21004,0,9,0,0,0,0,0,0
2016-09-28,20879,0,9,0,0,0,0,0,0
2016-09-29,20822,0,9,0,0,0,0,0,0
2016-09-30,20518,0,9,0,0,0,0,0,0
2016-10-01,15479,1,10,0,0,0,0,0,0
2016-10-02,10071,1,10,0,0,0,0,0,0
2016-10-03,19300,0,10,0,0,0,0,0,0
2016-10-04,20346,0,10,0,0,0,0,0,0
2016-10-05,21062,0,10,0,0,0,0,0,0
2016-10-06,21850,0,10,0,0,0,0,0,0
2016-10-07,21522,0,10,0,0,0,0,0,0
2016-10-08,5832,1,10,0,0,0,0,0,0
2016-10-09,10927,1,10,0,0,0,0,0,0
2016-10-10,9621,0,10,0,0,0,0,0,0
2016-10-11,18024,0,10,0,0,0,0,0,0
2016-10-12,19411,0,10,0,0,0,0,0,0
2016-10-13,13712,0,10,0,0,0,0,0,0
2016-10-14,17247,0,10,0,0,0,0,0,0
2016-10-15,13287,1,10,0,0,0,0,0,0
2016-10-16,5935,1,10,0,0,0,0,0,0
2016-10-17,16119,0,10,0,0,0,0,0,0
2016-10-18,14410,0,10,0,0,0,0,0,0
2016-10-19,18702,0,10,0,0,0,0,0,0
2016-10-20,10539,0,10,0,0,0,0,0,0
2016-10-21,5370,0,10,0,0,0,0,0,0
2016-10-22,3053,1,10,0,0,0,0,0,0
2016-10-23,6374,1,10,0,0,0,0,0,0
2016-10-24,12018,0,10,0,0,0,0,0,0
2016-10-25,12419,0,10,0,0,0,0,0,0
2016-10-26,12206,0,10,0,0,0,0,0,0
2016-10-27,9670,0,10,0,0,0,0,0,0
2016-10-28,8806,0,10,0,0,0,0,0,0
2016-10-29,4447,1,10,0,0,0,0,0,0
2016-10-30,8416,1,10,0,0,0,0,0,0
2016-10-31,11228,0,10,0,0,0,0,0,0
2016-11-01,11842,0,11,0,0,0,0,0,0
2016-11-02,14436,0,11,0,0,0,0,0,0
2016-11-03,8423,0,11,0,0,0,0,0,0
2016-11-04,11133,0,11,0,0,0,0,0,0
2016-11-05,7369,1,11,0,0,0,0,0,0
2016-11-06,7058,1,11,0,0,0,0,0,0
2016-11-07,11424,0,11,0,0,0,0,0,0
2016-11-08,13335,0,11,0,0,0,0,0,0
2016-11-09,11530,0,11,0,0,0,0,0,0
2016-11-10,11124,0,11,0,0,0,0,0,0
2016-11-11,9513,0,11,0,0,0,0,0,0
2016-11-12,6193,1,11,0,0,0,0,0,0
2016-11-13,6897,1,11,0,0,0,0,0,0
2016-11-14,10814,0,11,0,0,0,0,0,0
2016-11-15,10772,0,11,0,0,0,0,0,0
2017-04-15,11288,1,4,0,0,0,0,0,0
2017-04-16,3950,1,4,0,0,0,0,0,0
2017-04-17,8025,0,4,0,0,0,0,0,0
2017-04-18,13255,0,4,0,0,0,0,0,0
2017-04-19,6610,0,4,0,0,0,0,0,0
2017-04-20,12517,0,4,0,0,0,0,0,0
2017-04-21,8107,0,4,0,0,0,0,0,0
2017-04-22,9901,1,4,0,0,0,0,0,0
2017-04-23,15711,1,4,0,0,0,0,0,0
2017-04-24,13387,0,4,0,0,0,0,0,0
2017-04-25,10484,0,4,0,0,0,0,0,0
2017-04-26,13479,0,4,0,0,0,0,0,0
2017-04-27,21326,0,4,0,0,0,0,0,0
2017-04-28,21076,0,4,0,0,0,0,0,0
2017-04-29,19049,1,4,0,0,0,0,0,0
2017-04-30,7935,1,4,0,0,0,0,0,0
2017-05-01,3870,0,5,0,0,0,0,0,0
2017-05-02,17067,0,5,0,0,0,0,0,0
2017-05-03,17250,0,5,0,0,0,0,0,0
2017-05-04,20836,0,5,0,0,0,0,0,0
2017-05-05,5863,0,5,0,0,0,0,0,0
2017-05-06,14094,1,5,0,0,0,0,0,0
2017-05-07,9497,1,5,0,0,0,0,0,0
2017-05-08,13462,0,5,0,0,0,0,0,0
2017-05-09,15649,0,5,0,0,0,0,0,0
2017-05-10,18376,0,5,0,0,0,0,0,0
2017-05-11,19099,0,5,0,0,0,0,0,0
2017-05-12,23573,0,5,0,0,0,0,0,0
2017-05-13,17187,1,5,0,0,0,0,0,0
2017-05-14,8278,1,5,0,0,0,0,0,0
2017-05-15,20624,0,5,0,0,0,0,0,0
2017-05-16,26613,0,5,0,0,0,0,0,0
2017-05-17,28582,0,5,0,0,0,0,0,0
2017-05-18,26538,0,5,0,0,0,0,0,0
2017-05-19,24875,0,5,0,0,0,0,0,0
2017-05-20,23624,1,5,0,0,0,0,0,0
2017-05-21,20333,1,5,0,0,0,0,0,0
2017-05-22,7949,0,5,0,0,0,0,0,0
2017-05-23,25455,0,5,0,0,0,0,0,0
2017-05-24,27255,0,5,0,0,0,0,0,0
2017-05-25,17296,0,5,0,0,0,0,0,0
2017-05-26,15911,0,5,0,0,0,0,0,0
2017-05-27,26891,1,5,0,0,0,0,0,0
2017-05-28,37903,1,5,0,0,0,0,0,0
2017-05-29,12699,0,5,0,0,0,0,0,0
2017-05-30,17988,0,5,0,0,0,0,0,0
2017-05-31,24498,0,5,0,0,0,0,0,0
2017-06-01,26064,0,6,0,0,0,0,0,0
2017-06-02,20533,0,6,0,0,0,0,0,0
2017-06-03,19535,1,6,0,0,0,0,0,0
2017-06-04,23533,1,6,0,0,0,0,0,0
2017-06-05,9130,0,6,0,0,0,0,0,0
2017-06-06,16315,0,6,0,0,0,0,0,0
2017-06-07,30397,0,6,0,0,0,0,0,0
2017-06-08,31742,0,6,0,0,0,0,0,0
2017-06-09,30034,0,6,0,0,0,0,0,0
2017-06-10,29724,1,6,0,0,0,0,0,0
2017-06-11,25109,1,6,0,0,0,0,0,0
2017-06-12,26959,0,6,0,0,0,0,0,0
2017-06-13,30714,0,6,0,0,0,0,0,0
2017-06-14,30720,0,6,0,0,0,0,0,0
2017-06-15,31698,0,6,0,0,0,0,0,0
2017-06-16,18407,0,6,0,0,0,0,0,0
2017-06-17,27838,1,6,0,0,0,0,0,0
2017-06-18,24239,1,6,0,0,0,0,0,0
2017-06-19,26080,0,6,0,0,0,0,0,0
2017-06-20,23383,0,6,0,0,0,0,0,0
2017-06-21,27631,0,6,0,0,0,0,0,0
2017-06-22,30577,0,6,0,0,0,0,0,0
2017-06-23,15993,0,6,0,0,0,0,0,0
2017-06-24,25023,1,6,0,0,0,0,0,0
2017-06-25,26290,1,6,0,0,0,0,0,0
2017-06-26,26982,0,6,0,0,0,0,0,0
2017-06-27,24928,0,6,0,0,0,0,0,0
2017-06-28,27570,0,6,0,0,0,0,0,0
2017-06-29,20293,0,6,0,0,0,0,0,0
2017-06-30,19620,0,6,0,0,0,0,0,0
2017-07-01,16114,1,7,0,0,0,0,0,0
2017-07-02,24290,1,7,0,0,0,0,0,0
2017-07-03,30574,0,7,0,0,0,0,0,0
2017-07-04,33567,0,7,0,0,0,0,0,0
2017-07-05,34400,0,7,0,0,0,0,0,0
2017-07-06,32898,0,7,0,0,0,0,0,0
2017-07-07,27677,0,7,0,0,0,0,0,0
2017-07-08,23857,1,7,0,0,0,0,0,0
2017-07-09,25831,1,7,0,0,0,0,0,0
2017-07-10,26227,0,7,0,0,0,0,0,0
2017-07-11,30343,0,7,0,0,0,0,0,0
2017-07-12,28404,0,7,0,0,0,0,0,0
2017-07-13,28697,0,7,0,0,0,0,0,0
2017-07-14,21406,0,7,0,0,0,0,0,0
2017-07-15,26710,1,7,0,0,0,0,0,0
2017-07-16,24938,1,7,0,0,0,0,0,0
2017-07-17,26230,0,7,0,0,0,0,0,0
2017-07-18,32772,0,7,0,0,0,0,0,0
2017-07-19,29591,0,7,0,0,0,0,0,0
2017-07-20,30598,0,7,0,0,0,0,0,0
2017-07-21,28916,0,7,0,0,0,0,0,0
2017-07-22,30251,1,7,0,0,0,0,0,0
2017-07-23,27497,1,7,0,0,0,0,0,0
2017-07-24,10600,0,7,0,0,0,0,0,0
2017-07-25,28154,0,7,0,0,0,0,0,0
2017-07-26,30598,0,7,0,0,0,0,0,0
2017-07-27,29046,0,7,0,0,0,0,0,0
2017-07-28,32532,0,7,0,0,0,0,0,0
2017-07-29,37147,1,7,0,0,0,0,0,0
2017-07-30,40305,1,7,0,0,0,0,0,0
2017-07-31,25588,0,7,0,0,0,0,0,0
2017-08-01,31514,0,8,0,0,0,0,0,0
2017-08-02,30839,0,8,0,0,0,0,0,0
2017-08-03,31935,0,8,0,0,0,0,0,0
2017-08-04,22327,0,8,0,0,0,0,0,0
2017-08-05,20618,1,8,0,0,0,0,0,0
2017-08-06,23887,1,8,0,0,0,0,0,0
2017-08-07,27159,0,8,0,0,0,0,0,0
2017-08-08,31560,0,8,0,0,0,0,0,0
2017-08-09,31676,0,8,0,0,0,0,0,0
2017-08-10,31294,0,8,0,0,0,0,0,0
2017-08-11,31053,0,8,0,0,0,0,0,0
2017-08-12,22729,1,8,0,0,0,0,0,0
2017-08-13,26427,1,8,0,0,0,0,0,0
2017-08-14,29619,0,8,0,0,0,0,0,0
2017-08-15,24036,0,8,0,0,0,0,0,0
2017-08-16,31413,0,8,0,0,0,0,0,0
2017-08-17,31284,0,8,0,0,0,0,0,0
2017-08-18,19705,0,8,0,0,0,0,0,0
2017-08-19,26798,1,8,0,0,0,0,0,0
2017-08-20,25574,1,8,0,0,0,0,0,0
2017-08-21,28615,0,8,0,0,0,0,0,0
2017-08-22,20662,0,8,0,0,0,0,0,0
2017-08-23,28299,0,8,0,0,0,0,0,0
2017-08-24,29309,0,8,0,0,0,0,0,0
2017-08-25,29428,0,8,0,0,0,0,0,0
2017-08-26,23852,1,8,0,0,0,0,0,0
2017-08-27,29944,1,8,0,0,0,0,0,0
2017-08-28,28809,0,8,0,0,0,0,0,0
2017-08-29,30123,0,8,0,0,0,0,0,0
2017-08-30,30837,0,8,0,0,0,0,0,0
2017-08-31,26775,0,8,0,0,0,0,0,0
2017-09-01,24889,0,9,0,0,0,0,0,0
2017-09-02,24071,1,9,0,0,0,0,0,0
2017-09-03,4653,1,9,0,0,0,0,0,0
2017-09-04,14767,0,9,0,0,0,0,0,0
2017-09-05,25054,0,9,0,0,0,0,0,0
2017-09-06,25139,0,9,0,0,0,0,0,0
2017-09-07,19409,0,9,0,0,0,0,0,0
2017-09-08,25599,0,9,0,0,0,0,0,0
2017-09-09,21388,1,9,0,0,0,0,0,0
2017-09-10,21241,1,9,0,0,0,0,0,0
2017-09-11,26983,0,9,0,0,0,0,0,0
2017-09-12,28471,0,9,0,0,0,0,0,0
2017-09-13,29373,0,9,0,0,0,0,0,0
2017-09-14,29895,0,9,0,0,0,0,0,0
2017-09-15,30265,0,9,0,0,0,0,0,0
2017-09-16,26155,1,9,0,0,0,0,0,0
2017-09-17,23361,1,9,0,0,0,0,0,0
2017-09-18,27238,0,9,0,0,0,0,0,0
2017-09-19,28928,0,9,0,0,0,0,0,0
2017-09-20,28846,0,9,0,0,0,0,0,0
2017-09-21,29624,0,9,0,0,0,0,0,0
2017-09-22,29872,0,9,0,0,0,0,0,0
2017-09-23,25868,1,9,0,0,0,0,0,0
2017-09-24,26401,1,9,0,0,0,0,0,0
2017-09-25,26266,0,9,0,0,0,0,0,0
2017-09-26,27875,0,9,0,0,0,0,0,0
2017-09-27,24174,0,9,0,0,0,0,0,0
2017-09-28,26586,0,9,0,0,0,0,0,0
2017-09-29,25049,0,9,0,0,0,0,0,0
2017-09-30,19310,1,9,0,0,0,0,0,0
2017-10-01,17279,1,10,0,0,0,0,0,0
2017-10-02,24979,0,10,0,0,0,0,0,0
2017-10-03,26037,0,10,0,0,0,0,0,0
2017-10-04,21098,0,10,0,0,0,0,0,0
2017-10-05,24931,0,10,0,0,0,0,0,0
2017-10-06,25020,0,10,0,0,0,0,0,0
2017-10-07,13311,1,10,0,0,0,0,0,0
2017-10-08,15020,1,10,0,0,0,0,0,0
2017-10-09,5080,0,10,0,0,0,0,0,0
2017-10-10,23935,0,10,0,0,0,0,0,0
2017-10-11,21565,0,10,0,0,0,0,0,0
2017-10-12,22623,0,10,0,0,0,0,0,0
2017-10-13,22823,0,10,0,0,0,0,0,0
2017-10-14,16679,1,10,0,0,0,0,0,0
2017-10-15,10431,1,10,0,0,0,0,0,0
2017-10-16,17431,0,10,0,0,0,0,0,0
2017-10-17,19034,0,10,0,0,0,0,0,0
2017-10-18,22126,0,10,0,0,0,0,0,0
2017-10-19,22110,0,10,0,0,0,0,0,0
2017-10-20,22607,0,10,0,0,0,0,0,0
2017-10-21,19022,1,10,0,0,0,0,0,0
2017-10-22,16899,1,10,0,0,0,0,0,0
2017-10-23,21547,0,10,0,0,0,0,0,0
2017-10-24,11877,0,10,0,0,0,0,0,0
2017-10-25,21794,0,10,0,0,0,0,0,0
2017-10-26,13580,0,10,0,0,0,0,0,0
2017-10-27,19170,0,10,0,0,0,0,0,0
2017-10-28,17015,1,10,0,0,0,0,0,0
2017-10-29,6210,1,10,0,0,0,0,0,0
2017-10-30,12649,0,10,0,0,0,0,0,0
2017-10-31,15562,0,10,0,0,0,0,0,0
2017-11-01,14789,0,11,0,0,0,0,0,0
2017-11-02,7150,0,11,0,0,0,0,0,0
2017-11-03,14136,0,11,0,0,0,0,0,0
2017-11-04,10696,1,11,0,0,0,0,0,0
2017-11-05,5023,1,11,0,0,0,0,0,0
2017-11-06,12061,0,11,0,0,0,0,0,0
2017-11-07,12982,0,11,0,0,0,0,0,0
2017-11-08,12993,0,11,0,0,0,0,0,0
2017-11-09,12511,0,11,0,0,0,0,0,0
2017-11-10,7268,0,11,0,0,0,0,0,0
2017-11-11,5702,1,11,0,0,0,0,0,0
2017-11-12,5755,1,11,0,0,0,0,0,0
2017-11-13,9285,0,11,0,0,0,0,0,0
2017-11-14,10490,0,11,0,0,0,0,0,0
2017-11-15,10809,0,11,0,0,0,0,0,0
2018-04-10,3058,0,4,1,0,0,0,1,1
2018-04-11,9596,0,4,1,0,1,0,1,1
2018-04-12,9607,0,4,1,0,1,0,1,1
2018-04-13,12730,0,4,1,0,1,0,1,1
2018-04-14,6846,1,4,1,0,1,0,1,1
2018-04-15,3605,1,4,1,0,1,0,1,1
2018-04-16,2684,0,4,1,0,1,0,1,1
2018-04-17,6246,0,4,1,0,1,0,1,1
2018-04-18,9494,0,4,1,1,1,0,1,1
2018-04-19,10998,0,4,1,1,1,0,1,1
2018-04-20,13035,0,4,1,1,1,0,1,1
2018-04-21,16215,1,4,1,1,1,0,1,1
2018-04-22,17679,1,4,1,1,1,0,1,1
2018-04-23,21255,0,4,1,1,1,0,1,1
2018-04-24,23534,0,4,1,1,1,0,1,1
2018-04-25,8207,0,4,1,1,1,0,1,1
2018-04-26,7342,0,4,1,1,1,0,1,1
2018-04-27,20469,0,4,1,1,1,0,1,1
2018-04-28,17361,1,4,1,1,1,0,1,1
2018-04-29,4846,1,4,1,1,1,0,1,1
2018-04-30,11962,0,4,1,1,1,0,1,1
2018-05-01,23256,0,5,1,1,1,0,1,1
2018-05-02,24554,0,5,1,1,1,0,1,1
2018-05-03,13240,0,5,1,1,1,0,1,1
2018-05-04,16309,0,5,1,1,1,0,1,1
2018-05-05,24851,1,5,1,1,1,0,1,1
2018-05-06,23919,1,5,1,1,1,0,1,1
2018-05-07,25649,0,5,1,1,1,0,1,1
2018-05-08,30609,0,5,1,1,1,0,1,1
2018-05-09,31707,0,5,1,1,1,0,1,1
2018-05-10,23031,0,5,1,1,1,0,1,1
2018-05-11,25137,0,5,1,1,1,0,1,1
2018-05-12,26110,1,5,1,1,1,0,1,1
2018-05-13,24188,1,5,1,1,1,0,1,1
2018-05-14,29086,0,5,1,1,1,0,1,1
2018-05-15,22815,0,5,1,1,1,0,1,1
2018-05-16,30640,0,5,1,1,1,0,1,1
2018-05-17,28820,0,5,1,1,1,0,1,1
2018-05-18,29126,0,5,1,1,1,0,1,1
2018-05-19,14476,1,5,1,1,1,0,1,1
2018-05-20,21435,1,5,1,1,1,0,1,1
2018-05-21,25997,0,5,1,1,1,0,1,1
2018-05-22,21608,0,5,1,1,1,0,1,1
2018-05-23,30406,0,5,1,1,1,0,1,1
2018-05-24,31948,0,5,1,1,1,0,1,1
2018-05-25,31290,0,5,1,1,1,0,1,1
2018-05-26,24092,1,5,1,1,1,0,1,1
2018-05-27,25518,1,5,1,1,1,0,1,1
2018-05-28,27521,0,5,1,1,1,0,1,1
2018-05-29,34658,0,5,1,1,1,0,1,1
2018-05-30,35120,0,5,1,1,1,0,1,1
2018-05-31,33922,0,5,1,1,1,0,1,1
2018-06-01,34760,0,6,1,1,1,0,1,1
2018-06-02,35462,1,6,1,1,1,0,1,1
2018-06-03,31932,1,6,1,1,1,0,1,1
2018-06-04,9012,0,6,1,1,1,0,1,1
2018-06-05,27221,0,6,1,1,1,0,1,1
2018-06-06,30473,0,6,1,1,1,0,1,1
2018-06-07,32760,0,6,1,1,1,0,1,1
2018-06-08,36618,0,6,1,1,1,0,1,1
2018-06-09,35358,1,6,1,1,1,0,1,1
2018-06-10,29736,1,6,1,1,1,0,1,1
2018-06-11,33228,0,6,1,1,1,0,1,1
2018-06-12,35046,0,6,1,1,1,1,1,1
2018-06-13,24856,0,6,1,1,1,1,1,1
2018-06-14,19813,0,6,1,1,1,1,1,1
2018-06-15,35099,0,6,1,1,1,1,1,1
2018-06-16,32522,1,6,1,1,1,1,1,1
2018-06-17,27640,1,6,1,1,1,1,1,1
2018-06-18,21978,0,6,1,1,1,1,1,1
2018-06-19,34809,0,6,1,1,1,1,1,1
2018-06-20,30755,0,6,1,1,1,1,1,1
2018-06-21,34711,0,6,1,1,1,1,1,1
2018-06-22,34072,0,6,1,1,1,1,1,1
2018-06-23,20677,1,6,1,1,1,1,1,1
2018-06-24,17045,1,6,1,1,1,1,1,1
2018-06-25,25674,0,6,1,1,1,1,1,1
2018-06-26,32744,0,6,1,1,1,1,1,1
2018-06-27,31568,0,6,1,1,1,1,1,1
2018-06-28,31419,0,6,1,1,1,1,1,1
2018-06-29,34291,0,6,1,1,1,1,1,1
2018-06-30,26053,1,6,1,1,1,1,1,1
2018-07-01,21946,1,7,1,1,1,1,1,1
2018-07-02,20785,0,7,1,1,1,1,1,1
2018-07-03,31382,0,7,1,1,1,1,1,1
2018-07-04,32704,0,7,1,1,1,1,1,1
2018-07-05,31758,0,7,1,1,1,1,1,1
2018-07-06,35657,0,7,1,1,1,1,1,1
2018-07-07,32182,1,7,1,1,1,1,1,1
2018-07-08,27330,1,7,1,1,1,1,1,1
2018-07-09,31587,0,7,1,1,1,1,1,1
2018-07-10,33983,0,7,1,1,1,1,1,1
2018-07-11,35417,0,7,1,1,1,1,1,1
2018-07-12,35275,0,7,1,1,1,1,1,1
2018-07-13,35135,0,7,1,1,1,1,1,1
2018-07-14,30224,1,7,1,1,1,1,1,1
2018-07-15,28452,1,7,1,1,1,1,1,1
2018-07-16,32076,0,7,1,1,1,1,1,1
2018-07-17,31484,0,7,1,1,1,1,1,1
2018-07-18,36571,0,7,1,1,1,1,1,1
2018-07-19,35750,0,7,1,1,1,1,1,1
2018-07-20,34606,0,7,1,1,1,1,1,1
2018-07-21,31026,1,7,1,1,1,1,1,1
2018-07-22,17562,1,7,1,1,1,1,1,1
2018-07-23,29769,0,7,1,1,1,1,1,1
2018-07-24,28026,0,7,1,1,1,1,1,1
2018-07-25,15307,0,7,1,1,1,1,1,1
2018-07-26,31022,0,7,1,1,1,1,1,1
2018-07-27,33879,0,7,1,1,1,1,1,1
2018-07-28,29725,1,7,1,1,1,1,1,1
2018-07-29,34376,1,7,1,1,1,1,1,1
2018-07-30,32217,0,7,1,1,1,1,1,1
2018-07-31,34523,0,7,1,1,1,1,1,1
2018-08-01,32495,0,8,1,1,1,1,1,1
2018-08-02,34908,0,8,1,1,1,1,1,1
2018-08-03,33989,0,8,1,1,1,1,1,1
2018-08-04,25937,1,8,1,1,1,1,1,1
2018-08-05,28656,1,8,1,1,1,1,1,1
2018-08-06,28654,0,8,1,1,1,1,1,1
2018-08-07,27747,0,8,1,1,1,1,1,1
2018-08-08,28325,0,8,1,1,1,1,1,1
2018-08-09,33021,0,8,1,1,1,1,1,1
2018-08-10,34924,0,8,1,1,1,1,1,1
2018-08-11,30275,1,8,1,1,1,1,1,1
2018-08-12,27044,1,8,1,1,1,1,1,1
2018-08-13,31443,0,8,1,1,1,1,1,1
2018-08-14,32828,0,8,1,1,1,1,1,1
2018-08-15,32768,0,8,1,1,1,1,1,1
2018-08-16,35447,0,8,1,1,1,1,1,1
2018-08-17,22717,0,8,1,1,1,1,1,1
2018-08-18,31245,1,8,1,1,1,1,1,1
2018-08-19,28538,1,8,1,1,1,1,1,1
2018-08-20,32360,0,8,1,1,1,1,1,1
2018-08-21,32081,0,8,1,1,1,1,1,1
2018-08-22,26156,0,8,1,1,1,1,1,1
2018-08-23,34953,0,8,1,1,1,1,1,1
2018-08-24,35110,0,8,1,1,1,1,1,1
2018-08-25,30029,1,8,1,1,1,1,1,1
2018-08-26,21791,1,8,1,1,1,1,1,1
2018-08-27,31694,0,8,1,1,1,1,1,1
2018-08-28,30557,0,8,1,1,1,1,1,1
2018-08-29,31457,0,8,1,1,1,1,1,1
2018-08-30,34074,0,8,1,1,1,1,1,1
2018-08-31,34179,0,8,1,1,1,1,1,1
2018-09-01,27218,1,9,1,1,1,1,1,1
2018-09-02,16029,1,9,1,1,1,1,1,1
2018-09-03,17547,0,9,1,1,1,1,1,1
2018-09-04,34188,0,9,1,1,1,1,1,1
2018-09-05,33241,0,9,1,1,1,1,1,1
2018-09-06,34511,0,9,1,1,1,1,1,1
2018-09-07,35324,0,9,1,1,1,1,1,1
2018-09-08,26945,1,9,1,1,1,1,1,1
2018-09-09,22899,1,9,1,1,1,1,1,1
2018-09-10,24686,0,9,1,1,1,1,1,1
2018-09-11,23421,0,9,1,1,1,1,1,1
2018-09-12,32977,0,9,1,1,1,1,1,1
2018-09-13,34713,0,9,1,1,1,1,1,1
2018-09-14,34900,0,9,1,1,1,1,1,1
2018-09-15,28575,1,9,1,1,1,1,1,1
2018-09-16,26165,1,9,1,1,1,1,1,1
2018-09-17,32135,0,9,1,1,1,1,1,1
2018-09-18,30492,0,9,1,1,1,1,1,1
2018-09-19,29178,0,9,1,1,1,1,1,1
2018-09-20,29644,0,9,1,1,1,1,1,1
2018-09-21,17367,0,9,1,1,1,1,1,1
2018-09-22,23721,1,9,1,1,1,1,1,1
2018-09-23,19574,1,9,1,1,1,1,1,1
2018-09-24,25121,0,9,1,1,1,1,1,1
2018-09-25,16898,0,9,1,1,1,1,1,1
2018-09-26,20538,0,9,1,1,1,1,1,1
2018-09-27,29359,0,9,1,1,1,1,1,1
2018-09-28,29583,0,9,1,1,1,1,1,1
2018-09-29,20456,1,9,1,1,1,1,1,1
2018-09-30,19277,1,9,1,1,1,1,1,1
2018-10-01,24516,0,10,1,1,1,1,1,1
2018-10-02,12038,0,10,1,1,1,1,1,1
2018-10-03,23100,0,10,1,1,1,1,1,1
2018-10-04,22683,0,10,1,1,1,1,1,1
2018-10-05,22480,0,10,1,1,1,1,1,1
2018-10-06,13456,1,10,1,1,1,1,1,1
2018-10-07,12469,1,10,1,1,1,1,1,1
2018-10-08,8485,0,10,1,1,1,1,1,1
2018-10-09,25522,0,10,1,1,1,1,1,1
2018-10-10,19326,0,10,1,1,1,1,1,1
2018-10-11,13937,0,10,1,1,1,1,1,1
2018-10-12,21339,0,10,1,1,1,1,1,1
2018-10-13,14061,1,10,1,1,1,1,1,1
2018-10-14,14554,1,10,1,1,1,1,1,1
2018-10-15,13602,0,10,1,1,1,1,1,1
2018-10-16,18715,0,10,1,1,1,1,1,1
2018-10-17,17872,0,10,1,1,1,1,1,1
2018-10-18,16644,0,10,1,1,1,1,1,1
2018-10-19,20927,0,10,1,1,1,1,1,1
2018-10-20,13547,1,10,1,1,1,1,1,1
2018-10-21,9888,1,10,1,1,1,1,1,1
2018-10-22,16316,0,10,1,1,1,1,1,1
2018-10-23,17338,0,10,1,1,1,1,1,1
2018-10-24,14561,0,10,1,1,1,1,1,1
2018-10-25,15822,0,10,1,1,1,1,1,1
2018-10-26,16442,0,10,1,1,1,1,1,1
2018-10-27,8216,1,10,1,1,1,1,1,1
2018-10-28,5477,1,10,1,1,1,1,1,1
2018-10-29,10465,0,10,1,1,1,1,1,1
2018-10-30,15041,0,10,1,1,1,1,1,1
2018-10-31,9350,0,10,1,1,1,1,1,1
2018-11-01,14868,0,11,1,1,1,1,1,1
2018-11-02,10371,0,11,1,1,1,1,1,1
2018-11-03,4881,1,11,1,1,1,1,1,1
2018-11-04,9732,1,11,1,1,1,1,1,1
2018-11-05,10198,0,11,1,1,1,1,1,1
2018-11-06,10503,0,11,1,1,1,1,1,1
2018-11-07,14198,0,11,1,1,1,1,1,1
2018-11-08,14311,0,11,1,1,1,1,1,1
2018-11-09,9825,0,11,1,1,1,1,1,1
2018-11-10,6549,1,11,1,1,1,1,1,1
2018-11-11,5996,1,11,1,1,1,1,1,1
2018-11-12,10789,0,11,1,1,1,1,1,1
2018-11-13,7290,0,11,1,1,1,1,1,1
2018-11-14,7184,0,11,1,1,1,1,1,1
2018-11-15,7595,0,11,1,1,1,1,1,1
2019-04-14,9142,1,4,1,1,1,1,1,1
2019-04-15,7310,0,4,1,1,1,1,1,1
2019-04-16,13672,0,4,1,1,1,1,1,1
2019-04-17,19724,0,4,1,1,1,1,1,1
2019-04-18,13505,0,4,1,1,1,1,1,1
2019-04-19,4673,0,4,1,1,1,1,1,1
2019-04-20,6604,1,4,1,1,1,1,1,1
2019-04-21,16304,1,4,1,1,1,1,1,1
2019-04-22,21354,0,4,1,1,1,1,1,1
2019-04-23,20896,0,4,1,1,1,1,1,1
2019-04-24,10624,0,4,1,1,1,1,1,1
2019-04-25,20155,0,4,1,1,1,1,1,1
2019-04-26,8179,0,4,1,1,1,1,1,1
2019-04-27,7516,1,4,1,1,1,1,1,1
2019-04-28,14190,1,4,1,1,1,1,1,1
2019-04-29,20319,0,4,1,1,1,1,1,1
2019-04-30,23365,0,4,1,1,1,1,1,1
2019-05-01,16549,0,5,1,1,1,1,1,1
2019-05-02,19354,0,5,1,1,1,1,1,1
2019-05-03,14502,0,5,1,1,1,1,1,1
2019-05-04,25505,1,5,1,1,1,1,1,1
2019-05-05,29121,1,5,1,1,1,1,1,1
2019-05-06,31189,0,5,1,1,1,1,1,1
2019-05-07,28515,0,5,1,1,1,1,1,1
2019-05-08,28926,0,5,1,1,1,1,1,1
2019-05-09,24751,0,5,1,1,1,1,1,1
2019-05-10,13305,0,5,1,1,1,1,1,1
2019-05-11,22436,1,5,1,1,1,1,1,1
2019-05-12,23011,1,5,1,1,1,1,1,1
2019-05-13,23714,0,5,1,1,1,1,1,1
2019-05-14,14793,0,5,1,1,1,1,1,1
2019-05-15,28479,0,5,1,1,1,1,1,1
2019-05-16,31006,0,5,1,1,1,1,1,1
2019-05-17,23503,0,5,1,1,1,1,1,1
2019-05-18,23419,1,5,1,1,1,1,1,1
2019-05-19,19135,1,5,1,1,1,1,1,1
2019-05-20,21323,0,5,1,1,1,1,1,1
2019-05-21,26581,0,5,1,1,1,1,1,1
2019-05-22,33268,0,5,1,1,1,1,1,1
2019-05-23,20423,0,5,1,1,1,1,1,1
2019-05-24,29650,0,5,1,1,1,1,1,1
2019-05-25,23964,1,5,1,1,1,1,1,1
2019-05-26,42875,1,5,1,1,1,1,1,1
2019-05-27,30223,0,5,1,1,1,1,1,1
2019-05-28,23709,0,5,1,1,1,1,1,1
2019-05-29,31318,0,5,1,1,1,1,1,1
2019-05-30,32291,0,5,1,1,1,1,1,1
2019-05-31,33452,0,5,1,1,1,1,1,1
2019-06-01,30220,1,6,1,1,1,1,1,1
2019-06-02,15967,1,6,1,1,1,1,1,1
2019-06-03,26354,0,6,1,1,1,1,1,1
2019-06-04,28996,0,6,1,1,1,1,1,1
2019-06-05,30092,0,6,1,1,1,1,1,1
2019-06-06,38447,0,6,1,1,1,1,1,1
2019-06-07,39120,0,6,1,1,1,1,1,1
2019-06-08,37402,1,6,1,1,1,1,1,1
2019-06-09,33545,1,6,1,1,1,1,1,1
2019-06-10,34736,0,6,1,1,1,1,1,1
2019-06-11,27854,0,6,1,1,1,1,1,1
2019-06-12,37619,0,6,1,1,1,1,1,1
2019-06-13,30093,0,6,1,1,1,1,1,1
2019-06-14,24319,0,6,1,1,1,1,1,1
2019-06-15,16271,1,6,1,1,1,1,1,1
2019-06-16,29164,1,6,1,1,1,1,1,1
2019-06-17,35623,0,6,1,1,1,1,1,1
2019-06-18,38041,0,6,1,1,1,1,1,1
2019-06-19,38627,0,6,1,1,1,1,1,1
2019-06-20,21171,0,6,1,1,1,1,1,1
2019-06-21,36376,0,6,1,1,1,1,1,1
2019-06-22,31254,1,6,1,1,1,1,1,1
2019-06-23,29474,1,6,1,1,1,1,1,1
2019-06-24,28997,0,6,1,1,1,1,1,1
2019-06-25,23612,0,6,1,1,1,1,1,1
2019-06-26,35321,0,6,1,1,1,1,1,1
2019-06-27,38495,0,6,1,1,1,1,1,1
2019-06-28,36409,0,6,1,1,1,1,1,1
2019-06-29,26375,1,6,1,1,1,1,1,1
2019-06-30,33371,1,6,1,1,1,1,1,1
2019-07-01,32075,0,7,1,1,1,1,1,1
2019-07-02,40386,0,7,1,1,1,1,1,1
2019-07-03,41062,0,7,1,1,1,1,1,1
2019-07-04,40392,0,7,1,1,1,1,1,1
2019-07-05,35599,0,7,1,1,1,1,1,1
2019-07-06,33576,1,7,1,1,1,1,1,1
2019-07-07,32905,1,7,1,1,1,1,1,1
2019-07-08,36735,0,7,1,1,1,1,1,1
2019-07-09,39214,0,7,1,1,1,1,1,1
2019-07-10,40649,0,7,1,1,1,1,1,1
2019-07-11,21666,0,7,1,1,1,1,1,1
2019-07-12,36852,0,7,1,1,1,1,1,1
2019-07-13,31157,1,7,1,1,1,1,1,1
2019-07-14,28286,1,7,1,1,1,1,1,1
2019-07-15,35920,0,7,1,1,1,1,1,1
2019-07-16,36474,0,7,1,1,1,1,1,1
2019-07-17,38964,0,7,1,1,1,1,1,1
2019-07-18,40610,0,7,1,1,1,1,1,1
2019-07-19,35271,0,7,1,1,1,1,1,1
2019-07-20,29346,1,7,1,1,1,1,1,1
2019-07-21,27749,1,7,1,1,1,1,1,1
2019-07-22,34524,0,7,1,1,1,1,1,1
2019-07-23,37423,0,7,1,1,1,1,1,1
2019-07-24,39604,0,7,1,1,1,1,1,1
2019-07-25,40281,0,7,1,1,1,1,1,1
2019-07-26,38851,0,7,1,1,1,1,1,1
2019-07-27,34258,1,7,1,1,1,1,1,1
2019-07-28,36540,1,7,1,1,1,1,1,1
2019-07-29,34730,0,7,1,1,1,1,1,1
2019-07-30,33786,0,7,1,1,1,1,1,1
2019-07-31,37869,0,7,1,1,1,1,1,1
2019-08-01,39828,0,8,1,1,1,1,1,1
2019-08-02,39031,0,8,1,1,1,1,1,1
2019-08-03,33336,1,8,1,1,1,1,1,1
2019-08-04,32820,1,8,1,1,1,1,1,1
2019-08-05,36819,0,8,1,1,1,1,1,1
2019-08-06,36851,0,8,1,1,1,1,1,1
2019-08-07,32431,0,8,1,1,1,1,1,1
2019-08-08,34299,0,8,1,1,1,1,1,1
2019-08-09,33235,0,8,1,1,1,1,1,1
2019-08-10,26587,1,8,1,1,1,1,1,1
2019-08-11,29927,1,8,1,1,1,1,1,1
2019-08-12,28722,0,8,1,1,1,1,1,1
2019-08-13,36225,0,8,1,1,1,1,1,1
2019-08-14,36785,0,8,1,1,1,1,1,1
2019-08-15,38273,0,8,1,1,1,1,1,1
2019-08-16,36933,0,8,1,1,1,1,1,1
2019-08-17,29425,1,8,1,1,1,1,1,1
2019-08-18,29781,1,8,1,1,1,1,1,1
2019-08-19,33233,0,8,1,1,1,1,1,1
2019-08-20,38057,0,8,1,1,1,1,1,1
2019-08-21,32196,0,8,1,1,1,1,1,1
2019-08-22,37424,0,8,1,1,1,1,1,1
2019-08-23,36019,0,8,1,1,1,1,1,1
2019-08-24,30530,1,8,1,1,1,1,1,1
2019-08-25,37706,1,8,1,1,1,1,1,1
2019-08-26,35519,0,8,1,1,1,1,1,1
2019-08-27,37472,0,8,1,1,1,1,1,1
2019-08-28,18710,0,8,1,1,1,1,1,1
2019-08-29,37357,0,8,1,1,1,1,1,1
2019-08-30,31416,0,8,1,1,1,1,1,1
2019-08-31,28553,1,8,1,1,1,1,1,1
2019-09-01,29556,1,9,1,1,1,1,1,1
2019-09-02,14531,0,9,1,1,1,1,1,1
2019-09-03,34970,0,9,1,1,1,1,1,1
2019-09-04,28857,0,9,1,1,1,1,1,1
2019-09-05,36932,0,9,1,1,1,1,1,1
2019-09-06,35356,0,9,1,1,1,1,1,1
2019-09-07,19924,1,9,1,1,1,1,1,1
2019-09-08,22491,1,9,1,1,1,1,1,1
2019-09-09,31544,0,9,1,1,1,1,1,1
2019-09-10,26571,0,9,1,1,1,1,1,1
2019-09-11,31518,0,9,1,1,1,1,1,1
2019-09-12,34833,0,9,1,1,1,1,1,1
2019-09-13,34310,0,9,1,1,1,1,1,1
2019-09-14,23734,1,9,1,1,1,1,1,1
2019-09-15,23519,1,9,1,1,1,1,1,1
2019-09-16,31803,0,9,1,1,1,1,1,1
2019-09-17,33798,0,9,1,1,1,1,1,1
2019-09-18,33745,0,9,1,1,1,1,1,1
2019-09-19,34499,0,9,1,1,1,1,1,1
2019-09-20,35207,0,9,1,1,1,1,1,1
2019-09-21,31322,1,9,1,1,1,1,1,1
2019-09-22,25414,1,9,1,1,1,1,1,1
2019-09-23,20747,0,9,1,1,1,1,1,1
2019-09-24,30096,0,9,1,1,1,1,1,1
2019-09-25,32029,0,9,1,1,1,1,1,1
2019-09-26,24111,0,9,1,1,1,1,1,1
2019-09-27,40357,0,9,1,1,1,1,1,1
2019-09-28,14762,1,9,1,1,1,1,1,1
2019-09-29,27441,1,9,1,1,1,1,1,1
2019-09-30,26920,0,9,1,1,1,1,1,1
2019-10-01,14017,0,10,1,1,1,1,1,1
2019-10-02,26546,0,10,1,1,1,1,1,1
2019-10-03,24542,0,10,1,1,1,1,1,1
2019-10-04,23822,0,10,1,1,1,1,1,1
2019-10-05,19611,1,10,1,1,1,1,1,1
2019-10-06,15544,1,10,1,1,1,1,1,1
2019-10-07,18289,0,10,1,1,1,1,1,1
2019-10-08,28222,0,10,1,1,1,1,1,1
2019-10-09,26729,0,10,1,1,1,1,1,1
2019-10-10,27761,0,10,1,1,1,1,1,1
2019-10-11,27240,0,10,1,1,1,1,1,1
2019-10-12,18070,1,10,1,1,1,1,1,1
2019-10-13,17878,1,10,1,1,1,1,1,1
2019-10-14,13732,0,10,1,1,1,1,1,1
2019-10-15,24826,0,10,1,1,1,1,1,1
2019-10-16,22370,0,10,1,1,1,1,1,1
2019-10-17,5616,0,10,1,1,1,1,1,1
2019-10-18,21217,0,10,1,1,1,1,1,1
2019-10-19,17940,1,10,1,1,1,1,1,1
2019-10-20,14862,1,10,1,1,1,1,1,1
2019-10-21,23982,0,10,1,1,1,1,1,1
2019-10-22,18533,0,10,1,1,1,1,1,1
2019-10-23,23178,0,10,1,1,1,1,1,1
2019-10-24,21773,0,10,1,1,1,1,1,1
2019-10-25,22337,0,10,1,1,1,1,1,1
2019-10-26,18017,1,10,1,1,1,1,1,1
2019-10-27,4394,1,10,1,1,1,1,1,1
2019-10-28,19504,0,10,1,1,1,1,1,1
2019-10-29,23396,0,10,1,1,1,1,1,1
2019-10-30,23025,0,10,1,1,1,1,1,1
2019-10-31,10195,0,10,1,1,1,1,1,1
